A1,A2,A3,A4,A5,class,features
37.155139,2.742903,74.499477,20.6777,82.334652,3.4,69.33890369070001
68.05521,32.869958,43.820041,52.394418,92.971074,6.8,1.3781982550000003
20.623985,9.611894,91.293101,90.628721,44.459922,3.4,199.92081221709998
90.599775,79.893121,93.567157,58.494732,85.167779,0.0,18.7204995474
59.929007,48.170993,28.475921,61.117672,43.676106,3.4,0.5983610858999999
0.471271,59.710461,5.010779,78.853875,82.216451,0.0,25.3117805471
45.012585,21.781589,87.614527,34.350419,2.351234,3.4,114.9917258127
83.918087,0.909123,11.382015,88.381827,12.41406,3.4,0.6971261315999999
65.089612,94.603225,93.675997,82.733676,6.296787,0.0,26.5009669163
4.710847,48.216749,88.188898,4.51E-4,45.109103,3.4,-1.0159948857999999
91.6055,60.415372,7.999543,26.01831,91.431269,0.0,8.252834220699999
42.042629,13.256401,16.487407,25.381285,30.189574,3.4,0.4949026734
4.130648,46.50574,77.926101,61.076411,33.894738,0.0,97.01468584770001
34.632229,40.791298,85.82928,8.854454,47.907654,6.8,-0.9380700689000002
47.931671,95.464068,38.964178,10.288446,20.352786,2.5,0.30515594549999997
89.071013,18.518088,63.438066,43.878641,43.381827,3.4,147.0843253834
91.314875,49.43467,53.843097,34.186304,94.634952,6.8,1.8185092142000001
28.801453,54.686642,80.475441,69.435574,69.238681,0.0,22.3179667514
59.56899,30.723338,70.360647,40.53409,95.361838,3.4,135.6895385166
87.380259,8.478465,29.351025,81.765124,70.434374,3.4,0.9724332578999998
12.101949,43.941286,59.793958,53.809919,96.612445,0.0,85.975461071
13.302346,14.512293,69.4046,92.899481,97.896239,3.4,204.47416807739995
9.643415,62.729269,95.845345,19.770118,27.566073,0.0,8.042004089599999
1.398032,59.22468,88.766049,87.209143,83.12713,0.0,28.043719571799997
81.455797,48.480381,94.486502,63.436055,97.831696,3.4,212.2655870359
90.730575,65.167765,24.904549,19.175327,90.510115,0.0,0.13128147299999998
48.459403,39.62428,34.304857,94.759735,71.074716,6.8,0.8338806737000001
34.394147,24.261334,57.755868,16.199971,54.243306,3.4,-1.3906907830000002
19.942304,53.514875,49.517981,34.026205,71.601556,0.0,10.846455554799999
11.334275,5.329289,30.119021,88.616439,14.43984,0.0,0.7456458395
49.815014,34.657094,50.990647,73.680087,45.614343,6.8,1.1643128269000003
93.288072,90.251804,38.307359,52.143524,74.075684,0.0,16.6120884681
86.719512,34.107324,9.462197,89.974132,32.56102,3.4,0.5970445790999999
25.486392,69.996691,60.20337,65.618003,82.599206,0.0,21.019363690499997
62.058943,6.890567,87.679397,97.196025,91.853505,3.4,325.0196096533
22.503308,42.691611,31.592447,16.54406,10.885168,3.4,-1.5354112607000001
45.338862,4.011598,49.954791,0.114516,18.492779,10.2,1.0924493624
10.521583,94.610778,48.942517,19.221813,58.888615,0.0,0.13082933559999999
29.075592,20.226453,7.367451,42.888911,17.923113,3.4,0.19145231949999997
74.559684,38.135531,16.970131,53.184495,45.209692,3.4,0.6582937253000001
40.717506,40.625708,80.740165,91.510797,78.64777,3.4,305.77414969419993
49.443202,12.880561,92.018336,74.419671,75.510319,3.4,248.86201853549997
79.138321,31.016191,20.824168,83.710027,21.498456,3.4,0.6748313461
52.379777,94.54156,12.408761,97.221985,3.331693,0.0,31.160319445299997
33.708062,7.139417,12.772434,67.287437,40.495451,3.4,0.29955777640000003
14.103468,75.713453,89.773724,22.183389,56.664215,0.0,6.942178439699998
17.949773,34.312112,89.770447,52.47579,13.312571,3.4,116.0089820054
66.195793,91.861254,41.490277,85.244289,51.247543,0.0,27.308420814499996
73.383613,85.807866,76.216779,73.932048,13.630805,0.0,23.682452460199997
71.18267,29.520596,24.605848,16.190746,86.969527,3.4,-0.5228391188000002
16.192201,79.22349,94.515037,86.394661,25.099657,0.0,27.717197813299997
96.478419,21.197373,32.255828,22.586371,87.142478,3.4,1.2072485681
86.472162,14.505191,79.576346,68.277934,42.010643,3.4,228.57364754469998
85.640824,58.67324,1.031139,89.783159,97.430392,0.0,28.894714657999998
51.539558,24.877093,12.57269,38.213251,57.721069,3.4,0.4874777266
43.469336,32.66612,63.874812,0.085561,87.659713,6.8,0.2096213116
28.316125,87.559706,79.173882,79.787794,33.758033,0.0,25.5500042033
43.28796,79.015168,49.999788,97.882273,66.860967,0.0,31.436681081699998
50.337028,10.142018,79.104635,43.791812,13.605378,3.4,146.588320617
73.684165,9.542773,58.467065,43.957544,21.16262,3.4,147.2767750361
70.298926,41.344861,22.846105,49.79445,81.46518,3.4,0.7124892248
51.716746,67.089915,13.197701,25.408998,52.408391,0.0,8.013186641899999
75.032621,52.563759,89.963185,29.766955,61.637858,0.0,9.5108390671
44.162886,39.335807,87.38056,89.604334,39.72394,3.4,299.43958455349997
94.872068,95.197922,41.962743,56.014662,35.24147,0.0,17.8492584271
7.063929,23.12053,77.85893,6.190037,69.159543,3.4,-1.0404523366999998
19.94931,74.862618,63.68879,29.432081,2.263708,0.0,9.2867404869
96.279802,61.126047,23.824627,92.919283,0.736239,0.0,29.913205426999998
31.132546,58.960903,91.761115,97.937194,5.694753,0.0,31.533105054500002
32.914656,94.783491,28.021855,64.403232,35.790231,0.0,20.5309695153
10.11513,80.886701,99.999186,50.063681,35.823161,0.0,15.9494787369
62.58539,42.823862,26.981406,31.033114,48.822871,3.4,0.7039222908
91.341813,49.785975,81.490975,26.59653,54.600432,3.4,89.2919817527
7.136433,33.447335,14.197452,24.3046,90.813075,0.0,0.4534523737
45.622532,67.069911,59.126713,0.644306,88.015612,0.0,0.06745104930000001
22.437449,81.938671,86.565837,98.44883,9.138999,0.0,31.610095531
61.843961,82.820193,92.993304,50.778707,77.204224,0.0,16.1977347328
92.527104,14.800403,20.078244,33.296194,62.203023,3.4,1.0061223960999999
97.367249,60.230561,38.801315,45.280672,12.893739,0.0,14.5008475258
75.089162,29.021634,91.277193,74.142303,4.187233,3.4,248.04282331039997
60.532142,12.982103,59.090579,40.865943,91.920978,3.4,136.8569708657
77.88393,31.671074,22.201584,8.335438,42.027068,6.8,1.0269995718
39.020765,17.956236,43.743076,94.588007,75.917531,6.8,0.9442194211
72.436838,4.133605,9.682823,20.459221,7.932734,3.4,0.7257455750999999
97.328697,8.265385,61.545021,81.311895,30.633242,3.4,272.1761529931
17.448444,58.347723,96.391142,46.252943,77.177438,0.0,14.799667410900001
94.719425,13.855912,26.21963,84.909436,17.352052,3.4,0.9355287571
67.790229,13.506988,87.797377,75.518001,93.287697,3.4,252.64163344859998
64.085869,28.852371,12.345189,93.149511,65.859746,3.4,0.45679897599999997
28.654488,92.834562,23.335604,34.737239,37.405145,0.0,10.9315677663
92.207157,56.620245,25.540104,23.46182,9.671634,0.0,7.4445238617
91.81352,76.011442,73.968503,17.332128,11.945328,0.0,7.0132874317
35.880315,70.792947,1.710187,58.9686,19.755331,0.0,18.8517344244
70.70444,6.233443,84.823747,62.561219,62.573435,3.4,209.41548509170002
37.047589,59.116324,49.298756,96.347128,51.637149,0.0,31.008059988499998
62.195192,37.099881,78.65261,9.994389,69.078561,6.8,-0.24256245089999992
86.866167,8.101963,31.454694,34.460442,74.220301,3.4,1.1144525994
79.721298,66.820569,21.940224,55.066567,22.398371,0.0,17.6309364057
65.025388,81.653205,19.747782,45.841116,86.34188,0.0,14.5832547398
69.640151,81.602482,64.262014,90.01927,19.57896,0.0,28.899567443500004
10.667637,32.850978,3.236895,22.911851,41.338525,0.0,0.4890241517999999
80.071986,60.391005,46.936487,53.988797,43.916413,0.0,17.31288291
86.985402,22.089715,54.870228,23.468663,90.77542,6.8,1.8996003436
59.437687,56.05299,38.487328,14.318742,17.296339,0.0,0.43388877680000004
87.733726,49.177797,97.715326,21.941307,58.930103,3.4,73.7383464135
25.929854,98.072767,61.526572,19.396937,74.516503,0.0,7.757185197899999
13.11223,14.616217,65.540351,16.097878,60.333984,3.4,-1.7165270993000001
45.14392,76.172883,93.346757,70.290584,94.149852,0.0,22.529415649099995
60.143861,24.109905,62.76953,25.304927,47.195713,3.4,84.85402489069999
52.242023,88.066181,36.017427,55.838346,51.596868,0.0,17.7947605882
32.031659,28.827164,27.600138,23.63264,3.209312,3.4,0.45788679129999993
48.827608,25.705422,91.686496,43.127251,32.01643,3.4,144.3150189004
58.044836,35.695603,26.693352,76.760171,99.246259,3.4,0.6093524919999999
29.989902,48.643084,45.968832,54.720482,43.754337,6.8,0.8321317814000001
24.11934,31.111379,30.747158,38.855976,66.717424,3.4,1.5371479256999998
60.863325,48.983017,52.954131,45.707233,16.962614,6.8,1.331414614
71.21567,87.159227,65.648569,27.760358,80.752803,0.0,8.7275570731
26.9788,56.244424,45.98793,0.527922,12.88671,2.5,0.5588151016
8.031006,81.422256,14.820249,42.574262,40.382165,0.0,13.4966300655
51.416174,1.427728,30.789631,42.30976,32.670955,3.4,0.7476164906999999
74.198571,74.644599,83.670506,46.163232,82.018135,0.0,14.7365180793
72.365293,54.643586,83.798694,9.664301,21.686279,0.0,3.8897867116000002
54.722405,90.150104,78.386044,80.434979,18.967626,0.0,25.7631393436
45.547349,49.62614,6.326106,38.89759,57.822366,3.4,0.2716629924999999
94.000486,5.583398,8.146157,59.171959,99.462837,3.4,0.8799838043999999
10.728595,98.896834,21.886689,57.525222,76.725357,0.0,18.276816063200002
54.106045,52.104131,84.470663,31.63831,62.657251,0.0,10.1061402968
94.280025,5.686268,43.065223,69.841542,80.730906,6.8,1.7384377702
55.561143,64.822877,63.939251,90.38707,22.834988,0.0,29.071894548599996
9.714859,71.181039,38.804743,1.849656,53.682237,0.0,0.29678636740000003
85.99576,7.521659,93.847345,14.235607,61.206419,3.4,-0.6690583214
35.000218,39.275512,61.789787,83.714338,33.687696,3.4,279.69162924999995
51.999979,16.369989,65.215614,68.133083,69.39417,3.4,227.85129476549997
54.131027,84.622842,27.635239,28.463718,98.228723,0.0,8.944419370599999
29.118991,53.557312,27.482201,96.805357,94.14921,0.0,31.1658918935
36.227401,35.055122,97.198682,19.160235,79.255733,3.4,64.170610144
64.095597,9.95661,55.526052,40.133636,36.886745,6.8,1.5792433148
18.837432,85.852268,95.139898,29.222085,33.697993,0.0,9.1880814351
39.730615,43.865099,96.556665,2.019965,80.018929,6.8,-0.4736019035
64.074817,53.168085,91.797015,65.850789,51.167639,0.0,21.1840718063
96.517973,33.603249,33.832969,28.144143,43.320861,6.8,1.5973723297999998
62.886081,77.267754,91.788114,71.268814,34.874234,0.0,22.8505306521
44.741009,68.671488,40.926602,93.964307,24.045913,0.0,30.2036773042
90.629594,6.003596,67.046926,25.166081,63.513459,3.4,84.65226524779999
7.024936,15.956252,26.920717,95.311128,83.366017,0.0,0.4713378115
28.074157,5.87841,70.140031,31.680611,46.093145,3.4,106.00944456799999
23.275013,3.147661,84.944526,38.039675,5.924996,3.4,84.7368986816
88.01793,85.6529,86.882242,20.494555,53.565754,0.0,6.3958106511
79.150839,35.396195,7.008684,78.812587,58.643369,3.4,0.5426992139
56.429964,7.093276,76.970711,52.122125,31.315003,3.4,174.4545260974
95.20731,47.92435,53.262654,9.884394,96.998971,10.2,1.3799237082
16.080748,63.287509,94.412769,57.923574,15.874524,0.0,18.558390076099997
28.856847,36.762797,7.389997,60.74383,32.239514,3.4,0.09861588929999995
63.121182,48.956233,33.0569,14.334135,43.929778,3.4,-0.6998201372000001
95.473634,62.252812,88.55104,7.96503,59.583263,0.0,3.1676270007999996
16.370403,34.132296,58.991691,4.59671,18.174463,6.8,-0.44071555239999993
41.178545,91.014342,58.547623,11.248432,16.467698,0.0,4.3954738562
13.872939,95.079131,43.708066,49.092014,94.776257,0.0,15.568848949499998
88.836204,7.600598,78.006417,93.339779,60.16094,3.4,312.30321273879997
70.589167,99.772381,17.792179,34.142646,63.182393,0.0,10.733426175799998
4.09809,58.237268,52.453522,39.554113,27.216978,0.0,12.611797314899999
59.2059,92.904598,12.908516,68.713156,78.204963,0.0,21.9414675492
71.285583,77.381014,26.0937,39.568301,22.806068,0.0,12.573158284799998
67.62537,63.224067,33.637006,86.334539,74.522738,0.0,27.7627874199
43.684451,30.144223,43.635498,30.858463,28.171142,6.8,1.0797509266
71.652223,97.933916,4.347589,56.258533,87.987196,0.0,17.8954554227
11.390159,87.050256,7.153642,25.839854,59.447409,0.0,8.0588209903
50.003241,61.516587,19.047581,1.517527,39.804122,0.0,0.13275964289999997
66.986732,34.546546,12.100217,29.919636,43.745722,3.4,0.6014136796999999
16.579817,64.184232,3.650043,53.264938,17.470227,0.0,17.0201821168
7.658281,37.966374,93.326436,47.11433,39.463228,0.0,75.1313790683
77.847653,75.472693,95.326493,19.346031,39.280317,0.0,7.8534419911
87.231995,81.259802,45.329803,55.74225,40.782682,0.0,17.8084459762
62.353128,66.393307,87.778933,62.160842,91.60135,0.0,19.9399588941
76.357042,48.189435,80.682496,46.418381,2.602041,3.4,155.39410955449998
56.375103,36.942692,64.960313,76.001386,24.563956,3.4,254.08249789599998
39.570324,16.498639,44.323335,95.908942,65.858957,6.8,0.9540643495000002
1.281201,70.368899,99.868417,19.460248,22.291093,0.0,7.8824663811999995
38.235578,63.812287,29.518073,96.411501,76.352884,0.0,31.006651851399997
21.45747,99.937772,75.727051,94.314209,88.521489,0.0,30.2031803244
94.926399,31.039902,22.033448,33.893099,77.506244,3.4,1.0048327534
9.151508,34.38375,60.654112,1.395296,13.058603,3.4,-0.5764656994
42.229651,25.446636,93.464749,69.934603,31.642737,3.4,233.79559159779998
66.965175,53.925012,45.615331,37.094899,84.76314,0.0,11.860655949899998
44.458141,36.280573,41.552193,8.09855,30.705993,10.2,0.43509895249999997
18.12065,6.646132,21.203739,94.839798,63.99986,3.4,1.0385659394999998
49.478235,66.149181,36.378265,42.476257,99.117506,0.0,13.547079936299998
27.38159,34.987764,99.009968,85.479459,13.051674,3.4,285.582098361
57.689476,81.78981,36.029157,87.407053,54.71488,0.0,28.038873225200003
15.330705,81.629734,75.810978,3.192274,43.84199,0.0,1.0661237244999997
1.861659,59.35774,25.913528,63.339434,72.267012,0.0,20.2979918097
99.590683,33.621578,36.571354,11.226855,85.489015,10.2,1.309473998
13.575627,38.051963,62.558792,74.674651,14.592446,3.4,164.42843080859998
7.842662,91.425609,8.700616,59.328494,2.194697,0.0,18.8820328312
15.774864,18.317532,48.259095,16.764251,43.283184,6.8,-1.6419774141000003
98.775009,6.627198,23.833658,34.657938,27.499842,3.4,1.1048544863
65.575747,8.82013,68.152813,16.903076,61.744041,3.4,-1.0053627264999998
13.326034,37.282825,43.603194,85.799891,92.082378,6.8,1.2238318096
73.978102,72.0128,9.69577,69.359863,52.794737,0.0,22.232439355100002
95.02133,74.878605,36.769503,98.304915,47.416541,0.0,31.610279523399996
29.249172,68.847453,87.41739,8.722558,59.358581,0.0,3.4259443791999997
45.416362,11.133338,1.292559,76.145652,60.438218,3.4,0.2562563565
36.121486,6.779234,77.460422,65.921293,85.500342,3.4,220.40698437320003
69.516358,28.68544,46.4165,40.344237,28.879926,6.8,1.4311311191
73.957893,44.73605,48.683816,24.357546,14.812028,6.8,1.4954533270000003
62.750042,17.150527,46.839835,70.502723,42.464201,6.8,1.3284076310000001
51.918526,67.557773,64.837496,92.054704,10.226358,0.0,29.600310213799997
62.125165,68.035596,59.133595,21.514688,61.305405,0.0,6.768179021
58.949312,69.241082,38.095193,2.40702,62.923928,2.5,0.6277897840000001
41.408515,79.269746,25.622548,63.639269,64.608623,0.0,20.3430513116
39.947819,58.160462,83.467104,69.007174,45.063992,0.0,22.1732586013
55.680065,76.195149,54.152886,44.476374,25.324373,0.0,14.1667856257
78.409748,42.590135,59.530623,37.556182,21.395772,3.4,125.8154955839
11.851545,12.103134,45.037715,14.10368,20.385325,3.4,-1.4594116575
89.690938,65.954312,69.550025,83.694799,25.99471,0.0,26.9202813896
56.467856,61.959198,75.815233,5.445192,92.39577,0.0,2.0958478530999995
70.020521,28.225777,32.252269,3.746541,82.826261,6.8,1.3619927628
73.391925,39.809825,57.402929,19.372499,33.356585,3.4,65.0688194363
54.668407,63.029154,39.946253,85.145527,70.791643,0.0,27.3740202149
85.188494,8.288588,44.2256,34.441282,80.692918,6.8,1.7215805758000002
97.114922,94.851763,87.789574,44.366511,16.390076,0.0,14.0948675971
61.861674,70.236679,38.689608,83.697112,62.32419,0.0,26.8824408294
30.414664,3.200714,49.105284,97.420813,58.988564,6.8,0.9515245733000001
88.068449,33.133959,45.036768,12.618883,32.905875,6.8,-0.23915251910000007
35.725695,91.761034,62.828821,16.684797,26.583098,0.0,6.655589721899999
99.342368,70.023416,37.517715,32.790453,35.12093,0.0,10.423111836999999
52.536731,42.110245,98.332598,8.552849,93.337026,6.8,-0.5910870686
13.847102,1.939841,46.667672,2.898892,45.759747,10.2,0.39884436370000004
84.629172,10.146344,35.755133,70.034047,56.378404,6.8,1.4657640702999999
98.679978,40.370121,89.25144,22.561326,19.367356,3.4,75.9029496321
7.230246,56.217217,95.088284,95.131748,68.426041,0.0,30.6239064546
79.014736,30.638082,71.485311,93.504339,85.834523,3.4,312.7040389288
68.933459,39.441938,20.997923,70.162331,27.703848,3.4,0.5912677510999998
29.977173,62.793815,51.070465,47.795444,51.156331,0.0,15.2756372148
19.380441,25.641765,71.830135,32.899773,48.017705,3.4,73.165581689
60.965811,82.881136,16.326806,33.002944,71.682135,0.0,10.420061830499998
25.824671,74.717437,17.459674,55.705251,83.343382,0.0,17.7809572132
81.353761,69.454872,15.551617,80.998593,45.85058,0.0,26.014549380499997
71.754516,75.598678,51.354941,25.057275,44.155972,0.0,7.890168416999999
16.641383,95.832313,77.210871,30.089725,88.271667,0.0,9.4265316085
44.776412,68.742662,5.061888,26.89157,31.180689,0.0,8.4812343982
61.988578,93.512776,2.580834,61.558804,9.026042,0.0,19.621707400400002
12.795791,41.574926,88.658137,51.957761,98.234749,3.4,114.57022586749999
22.769663,65.02134,83.185541,1.596659,26.453716,0.0,0.4672721433
83.84428,50.564885,96.820925,21.380429,94.145128,0.0,6.8097796988
1.803747,71.474815,12.325581,10.950803,50.066537,0.0,-0.2241777932
30.158941,34.437855,28.02333,8.467059,86.965399,6.8,0.3011301398999999
72.973908,80.590102,84.981799,78.095192,7.42014,0.0,25.051270776899997
98.608459,51.287533,82.870331,27.538387,37.286362,0.0,8.8037060819
99.124989,1.630055,45.532928,70.897396,76.012883,6.8,1.8462567477
2.379443,33.321341,88.369691,48.484317,14.562571,0.0,76.9916851341
46.80192,34.694801,75.490223,17.961382,60.045493,3.4,-1.5341480035000001
0.893951,87.212121,47.475216,21.499685,77.095505,0.0,6.6601739392
55.2492,10.414924,61.578752,48.218876,8.992304,3.4,161.388520162
91.949407,26.422345,29.826528,99.97014,6.471283,3.4,0.8609080259999997
86.141678,12.897136,41.050599,37.902309,67.531723,6.8,1.6481142369000001
10.589332,50.602827,0.338111,91.01324,77.506943,0.0,29.2842117101
13.073259,41.93564,49.478599,2.542951,26.901536,10.2,0.24518509320000004
9.575737,52.750478,60.070865,48.299851,89.58703,0.0,15.4675691759
75.522711,41.068613,55.141963,40.696334,88.937719,6.8,1.6484983686999999
75.701404,49.055719,39.374633,26.365076,1.956478,6.8,1.3399143677
85.78565,64.876596,32.480954,31.114051,73.989783,0.0,9.8906996743
61.525537,71.408328,10.155134,10.857559,29.174563,0.0,-0.06727590650000001
24.462999,83.648377,29.283291,9.27866,90.960619,0.0,0.014183145099999975
13.224433,15.802395,53.641242,16.575084,21.437788,6.8,-1.742031974
21.095121,85.652738,12.898793,88.632357,25.585319,0.0,28.3963613025
89.717594,99.140476,46.368627,41.509308,93.57,0.0,13.138426671099998
92.306369,79.036469,29.80267,40.307587,95.745767,0.0,12.818128609
66.46917,85.250371,82.226209,87.60204,74.690642,0.0,28.1077814601
96.568319,66.917864,90.49546,29.369201,19.4321,0.0,9.3413388508
27.597656,11.67425,87.117626,9.941289,34.25471,6.8,-1.1074865508
78.905468,53.470759,53.605412,9.975728,61.53751,2.5,0.8821325777999999
83.188129,90.660253,67.668901,58.451137,38.470695,0.0,18.6561508709
82.370901,76.419712,55.026073,73.747009,84.950545,0.0,23.6544891225
23.839105,99.785473,61.875662,97.821716,1.018425,0.0,31.336144017499997
28.040572,75.927212,31.169308,0.084392,64.643124,0.0,0.16557247
93.150161,94.08238,80.851301,70.863276,93.292082,0.0,22.670576344
39.054393,32.696566,61.445789,82.138255,11.209185,3.4,274.4771555124
30.539582,7.057564,82.946662,41.342657,59.682861,3.4,138.2967779662
54.624682,3.399615,90.717787,63.278204,43.467264,3.4,211.72150797950002
3.758609,2.523257,48.309688,68.675643,63.100485,3.4,0.8606487959
40.003618,71.23904,44.831463,64.829366,94.491588,0.0,20.7622564781
12.838005,52.962545,0.100194,27.920743,43.236079,0.0,8.8537284078
11.530412,18.356189,73.869474,72.840999,98.284629,0.0,116.2225095698
37.873862,58.7848,82.543229,63.978181,66.025685,0.0,20.5418118094
20.757245,27.494625,21.223356,68.911914,97.065628,3.4,1.2031614969000002
12.7553,62.17765,73.079446,23.683336,46.231714,0.0,7.470757807
57.284463,78.237017,40.035222,84.582841,13.953482,0.0,27.1384651686
9.192453,20.516999,1.150196,28.850758,37.679079,0.0,0.40869602189999993
60.636626,21.471439,50.378707,60.304825,30.109796,6.8,1.3581807959999999
91.566118,78.961382,27.548925,67.839414,66.936102,0.0,21.7294050731
71.910525,80.54758,34.431453,36.10206,86.933079,0.0,11.4425502324
67.35129,56.74736,21.501358,93.750966,78.403015,0.0,30.1830232506
95.96576,32.701566,6.839145,62.177729,45.723924,3.4,0.7378110712
82.137694,43.948035,56.240304,20.132059,11.960242,3.4,67.6458531869
94.861667,96.420098,22.80119,22.084946,92.752945,0.0,6.8560558578999995
47.367011,97.49803,34.164115,16.532675,31.445203,0.0,-0.009371740000000017
48.63789,73.953289,16.749096,19.737045,85.549355,0.0,-0.12570803819999996
5.425897,49.879841,88.871272,88.292101,3.992445,0.0,28.429959996199997
26.2684,40.45578,14.781866,13.309777,25.492329,3.4,-1.0143097101
26.086834,69.074278,90.419707,9.610573,20.222894,0.0,3.7943055828
28.881861,7.335368,69.522459,35.652692,86.746237,3.4,119.2733877544
43.697447,72.581058,81.853573,93.76016,74.751408,0.0,30.1352767786
40.638769,25.22753,7.331704,31.650703,76.863148,3.4,0.3563225536
22.018736,35.205554,86.96989,76.946126,59.657874,3.4,169.8924988784
36.804057,97.315476,5.739979,60.344844,89.923258,0.0,19.2034143114
17.051199,93.888493,71.872949,55.916908,82.408378,0.0,17.792392029
10.681995,95.013983,79.724003,53.630899,99.150011,0.0,17.0475298659
74.225112,42.443109,94.308222,17.315526,9.004801,3.4,-1.3511172133
43.629384,61.678813,15.56996,26.916463,28.087846,0.0,8.5173010263
79.440219,94.288079,96.114939,87.659104,65.480977,0.0,28.104369471600002
28.087304,45.152254,62.341433,90.953381,13.545987,3.4,303.8013195144
0.905587,37.065708,54.235141,95.730361,51.66174,3.4,0.5839767527999999
80.537405,63.581757,55.54006,91.708787,0.78247,0.0,29.514170747199998
35.650418,94.667291,6.227086,98.381594,33.580137,0.0,31.525013065
37.874794,10.838088,82.850025,87.941685,83.332995,3.4,293.94320828260004
68.860947,80.217738,66.62485,70.916851,71.143213,0.0,22.721418740399997
0.587407,85.609424,5.648046,78.273366,53.295329,0.0,25.0308827651
81.570255,68.878376,93.049342,94.273065,99.395552,0.0,30.336928916999998
73.345299,52.268591,65.305239,82.951599,69.890782,0.0,26.719529889900002
1.221631,38.101553,95.805919,93.419771,41.71246,0.0,148.17283443510001
7.448832,40.124808,43.584659,24.995606,87.181435,3.4,1.0061112532
86.590089,31.717466,94.710968,50.306126,75.933884,3.4,168.51121137739997
89.691394,71.714057,20.340117,3.568995,28.678727,0.0,0.20721354069999998
12.640622,64.768654,52.79652,56.182155,67.111031,0.0,17.9751556861
63.501166,99.201146,8.251731,4.671253,25.302663,0.0,-0.1153028481
69.098526,30.459854,81.883596,3.399754,98.277973,6.8,0.3721405492000001
45.991825,72.421874,17.808231,3.787748,82.119699,0.0,0.055753439299999985
88.591956,26.401904,51.138946,87.362233,81.390206,6.8,1.6785539106999998
99.339996,72.058062,60.794004,18.028559,42.193061,0.0,7.3173939995
63.797101,32.251825,0.79654,81.955035,80.014074,3.4,0.3487155334999999
77.596811,9.196841,77.101725,5.365588,26.725548,6.8,0.43132675069999993
18.482504,37.95362,91.207173,23.684031,72.040194,3.4,52.8769754751
46.823691,18.175869,28.023149,62.505393,48.778361,3.4,0.5768702046
42.933534,4.444665,7.061817,43.312561,80.978191,3.4,0.42143758449999996
33.821815,86.068698,44.837474,75.184711,92.838758,0.0,24.0578057876
50.976055,95.602123,0.614956,91.778343,97.429412,0.0,29.3901545006
8.517716,60.141457,30.39771,42.531862,89.326265,0.0,13.5644326552
32.557629,30.366502,41.422798,37.652651,45.101357,6.8,0.9003730349
29.402561,27.649,54.702004,55.697785,77.025149,6.8,1.0603680885000002
64.245191,91.711863,46.730951,54.755888,48.00761,0.0,17.4404601196
57.741287,51.782929,54.632799,18.135485,67.976741,0.0,7.4122714413
59.532918,89.062918,82.231786,54.457171,64.887731,0.0,17.3615957427
72.324202,87.595949,79.968463,66.418995,9.437503,0.0,21.244635905
33.807761,92.830001,41.311268,51.664622,43.792936,0.0,16.4189473987
35.393797,64.279224,29.548573,84.877329,72.299257,0.0,27.269947661299998
75.290931,54.197362,58.778184,35.874359,42.43816,0.0,11.472698425799999
85.42269,60.047152,95.54662,10.923599,1.380255,0.0,4.4048845673
36.171282,45.72493,76.888677,68.518336,69.354551,3.4,228.9431011298
72.33595,75.684722,2.926655,39.94394,2.046479,0.0,12.694434350299998
28.193968,34.587535,24.530422,60.175766,45.935915,3.4,0.3095566999
34.566615,27.946701,63.399512,55.948406,41.840491,3.4,187.00823948849998
47.699883,51.569854,69.811717,31.243854,21.818701,0.0,9.972777522
19.323359,87.687851,96.928791,16.661316,42.621652,0.0,6.6625021671999995
97.876118,86.764133,69.921118,7.967035,5.140051,0.0,3.0758335930999996
12.262856,15.884369,42.757996,96.939492,75.910682,3.4,1.1802636489
84.934916,14.097304,35.70576,3.179247,87.367611,10.2,1.6278471576
10.337896,47.426539,40.042277,62.763535,44.749561,3.4,0.9710086094
62.061179,78.473438,0.496409,23.911939,49.685903,0.0,7.4889697897
2.189631,14.381134,4.78716,87.772386,2.813705,0.0,-0.09115607260000003
85.041675,23.89795,89.632048,2.665678,67.267002,6.8,0.6385383264999998
19.63482,21.812322,34.551733,96.440127,84.438536,6.8,0.5434234977
39.110035,71.205414,18.066792,77.451721,69.871012,0.0,24.8397576524
67.445586,7.496635,0.206156,91.373829,76.6509,3.4,0.4362626688
43.121182,88.009929,45.349625,29.810643,45.649351,0.0,9.3680348732
97.921301,57.068758,20.197043,98.502594,80.54376,0.0,31.7348619124
37.928979,19.614161,19.938178,7.349446,71.108744,6.8,0.4587287693
63.213823,66.200579,87.835726,2.603152,79.029026,0.0,0.9038483529
6.817243,51.542399,85.838931,5.660525,28.09654,0.0,2.2012163268999996
88.804671,57.068791,36.962408,88.951989,41.089633,0.0,28.643802249599997
50.874348,56.107665,74.368353,6.861735,0.360777,0.0,2.7036727134
73.074853,66.141516,82.14528,5.005213,59.38219,0.0,1.9077427674000003
77.965568,86.29976,90.624836,81.805497,82.506789,0.0,26.2359304777
32.996362,30.559514,72.851608,91.795785,93.981767,3.4,306.70534413319996
44.917738,39.919011,39.085322,68.93792,45.613502,6.8,0.9079410494999999
7.362642,50.262831,18.594142,48.925731,6.08989,0.0,15.6655724967
85.973019,40.220653,34.440689,73.850068,81.797368,6.8,1.3674633645
64.730126,89.491784,6.039722,13.153721,32.836685,0.0,-0.19040655979999999
41.590014,1.631329,64.02058,64.069272,47.842308,3.4,214.26460981889997
81.743074,84.157145,66.909099,79.983777,19.40258,0.0,25.6487271596
78.181503,50.918453,16.403967,8.217584,81.685809,0.0,0.16951275250000003
92.450844,28.425967,14.951752,44.508697,74.380092,3.4,0.8804794438
27.101197,6.413925,59.351576,67.25867,18.911634,3.4,148.99609759349997
14.604311,45.116834,44.413191,4.02506,5.721241,10.2,0.09732771420000005
18.662451,26.707679,39.127894,48.417281,66.108839,6.8,1.5856660029
34.052822,78.364063,34.603679,55.400224,80.212152,0.0,17.6783493967
0.537215,92.137203,15.514217,85.053682,28.487576,0.0,27.2051058052
42.883673,44.529646,94.11824,47.433599,1.937613,3.4,158.5936568388
98.704194,89.22335,33.072444,84.187546,57.779676,0.0,26.989578410399996
45.794196,7.362307,82.95172,57.924283,42.710869,3.4,193.7660268061
50.163449,12.069123,33.037517,58.683707,8.293711,3.4,0.664135292
57.615836,7.584899,95.516266,60.058231,68.326931,3.4,200.9770638181
39.695994,53.088015,12.941932,24.839257,21.950671,0.0,7.873081213499999
43.486651,34.907302,67.030634,9.094929,72.442399,6.8,-0.4419737745000003
45.618884,26.016146,56.869042,35.064515,22.919766,3.4,117.34084097120001
2.772309,24.197146,69.852686,12.014331,58.895135,0.0,-1.5760698528
12.178834,90.053842,60.065374,36.658222,87.639719,0.0,11.5661816594
64.657388,37.292611,5.322159,66.439321,52.669679,3.4,0.40803183909999996
47.16356,38.556689,12.301064,3.78109,72.89661,6.8,0.7193583221
63.872253,40.620525,26.136764,55.250044,89.117669,3.4,0.6855819266
3.524564,87.644746,47.449672,3.385863,72.395299,0.0,0.2811377041
61.102872,47.111655,70.079725,27.139299,45.398461,3.4,90.9112064489
62.145988,78.425337,7.673851,95.13246,27.879999,0.0,30.545421238099998
96.37994,82.418484,69.242423,56.020189,72.667198,0.0,17.9059913338
41.021317,65.546278,62.57458,68.582453,24.116345,0.0,22.0034564678
42.601584,91.486671,61.245835,61.599011,42.872538,0.0,19.6499223876
23.486016,49.141226,2.723929,21.919738,35.539336,3.4,1.1340883026999997
8.064251,86.270001,57.175295,55.289963,91.012644,0.0,17.6079737335
17.084561,56.838598,37.002367,39.087435,86.509601,0.0,12.4676267473
14.525636,70.782377,72.13362,98.509542,58.527508,0.0,31.661625092199998
25.222641,57.634084,40.761416,25.881322,15.126749,0.0,8.1951409743
14.280781,70.534714,50.929426,80.594416,92.682189,0.0,25.8569067071
68.87959,95.640508,61.503906,89.826402,53.458514,0.0,28.7853914654
64.688785,52.306932,96.20419,30.297833,42.135153,0.0,9.6803092364
26.055049,44.906672,7.802162,58.526848,23.705531,3.4,1.2486485304000001
30.547288,92.5659,47.329751,15.008618,92.517966,0.0,0.2102333518
35.832572,77.830235,50.656914,11.874553,1.894121,2.5,0.3904236690000001
57.991015,41.881616,54.056683,85.288655,85.218169,6.8,1.2931496221
23.309197,0.68244,12.346608,85.594131,77.646027,3.4,1.2790584598999999
52.818356,24.451598,22.854136,26.637349,55.410362,3.4,0.6461875988999999
55.323774,77.231215,21.750942,87.971582,82.699764,0.0,28.232555889
91.26754,0.164663,90.157897,55.974784,54.787567,3.4,187.57785594269998
6.891034,42.522443,75.688859,54.450999,22.250878,0.0,86.68936044180002
2.52533,28.180553,44.651416,75.411979,3.785034,3.4,0.574140982
59.297929,5.998892,69.337574,62.593073,4.747947,3.4,209.437288659
45.222698,90.24348,99.873713,81.481887,56.052808,0.0,26.1033837568
25.541468,79.055649,84.455761,4.486552,68.250493,0.0,1.6221560338999996
80.732706,26.171136,23.819487,42.98623,83.525824,3.4,0.8924943744999998
2.593153,4.917127,48.893299,97.218688,68.35895,3.4,0.7238303762000001
45.426905,78.263468,99.024556,56.631126,77.977346,0.0,18.1021678207
36.087034,56.751985,84.517221,31.884113,55.413461,0.0,10.1599789154
83.672327,43.667693,95.480235,76.151306,59.051971,3.4,254.7587214117
87.481185,36.910474,30.816316,65.597542,91.28734,3.4,0.9478120124999998
10.07746,59.740534,40.472351,79.943797,19.399887,0.0,25.6799216018
60.384135,10.07759,88.475435,42.140667,60.645609,3.4,141.1465106268
80.451909,45.700317,10.285672,94.444845,84.928178,3.4,0.5383673020999998
48.228185,35.301288,49.357536,48.596354,22.783799,6.8,1.1607058460000002
18.571692,50.708287,15.156602,58.498778,27.91441,0.0,18.767337431999998
44.283645,95.906901,27.63204,36.295375,40.705229,0.0,11.4339794784
42.894554,3.120323,12.712346,88.507035,18.67121,3.4,0.3278595812
24.426676,27.188237,50.089874,33.626084,59.346237,6.8,0.9674490769
81.913517,64.979837,48.532297,58.745001,8.799544,0.0,18.837345858099997
98.196552,94.726367,3.648675,80.052304,88.040956,0.0,25.6221087621
47.251048,99.665172,62.848737,27.241154,97.326879,0.0,8.5016470757
82.415649,11.795442,34.148886,9.677961,59.465407,10.2,1.113530984
33.572231,96.557998,17.522615,29.18745,77.010643,0.0,9.122411672199998
99.720254,3.449754,85.057777,98.830232,82.262695,3.4,330.727858449
37.936968,35.073005,30.353011,98.964681,98.926429,3.4,0.4108473521
40.297277,23.739193,7.731672,75.65992,3.98679,3.4,0.19463136059999994
87.634931,39.606634,67.884461,23.30675,31.595513,3.4,78.30710885820001
55.288993,27.575108,49.346915,26.245008,39.384833,6.8,1.3457050372000001
54.481702,87.958297,51.856142,34.491038,49.091482,0.0,10.890896825
13.875037,51.881723,71.219902,47.009648,63.651822,0.0,15.058552343899999
29.941682,7.399745,7.295089,19.138679,28.867393,3.4,-1.2985924958000001
49.940836,3.948674,92.531313,8.627621,96.234986,6.8,-0.44005221029999997
74.536659,76.476632,96.308093,98.460938,12.841882,0.0,31.6626505128
28.279486,15.789341,23.796714,53.470626,15.948008,3.4,0.3604805786999999
17.365142,56.293855,85.503168,65.631442,18.266495,0.0,21.076573418800002
62.047529,49.561155,14.945635,33.903788,18.300297,3.4,0.5053335472999999
18.075158,94.74792,26.612404,89.246243,32.070873,0.0,28.564937647300003
33.114347,23.784717,16.556134,69.452607,99.588813,3.4,0.3211519915
60.494078,81.023119,49.547855,85.214869,83.064006,0.0,27.337481262399997
83.232423,36.586901,44.427546,9.508517,85.787375,10.2,1.1602247930999998
90.826558,8.573841,80.36715,57.378038,30.187308,3.4,192.2237953449
17.646939,49.180873,59.857585,7.55827,6.76069,6.8,-1.0144243665000001
55.702792,23.49551,79.334553,26.957208,96.910137,3.4,90.35863162140001
62.705618,39.286746,76.131907,60.981764,94.800709,3.4,203.9672205714
18.522403,65.176691,17.627956,37.704711,7.084614,0.0,11.9849284514
46.883387,64.507079,79.056972,35.642819,90.715963,0.0,11.352513811
13.936204,28.772323,66.766226,95.251455,66.700509,3.4,209.6147066362
89.874354,84.430377,91.905925,60.488958,8.298407,0.0,19.3488353019
37.692509,8.503197,99.331335,91.36454,89.881511,3.4,305.39368081210006
29.310523,67.384454,16.749681,48.183527,9.356714,0.0,15.374103821299999
5.512939,89.042154,0.164251,75.164712,82.332701,0.0,24.013071264799997
39.340557,63.554299,71.471951,22.732837,4.862979,0.0,7.1709357243
63.534047,94.07829,66.364351,70.161361,87.789553,0.0,22.4242270405
82.652689,16.181785,99.289802,33.771352,34.146213,3.4,113.3278256725
2.846437,39.154433,54.87301,37.400352,34.647577,3.4,0.8363796626000001
28.27645,32.656532,22.606048,24.57065,2.328766,3.4,0.34907906279999995
50.786844,65.460248,86.239181,48.060669,22.997757,0.0,15.372846838799997
85.183157,68.679721,20.603783,32.196924,28.000859,0.0,10.223670016600002
56.206799,5.656478,70.727514,33.264256,94.197584,3.4,111.47916433820001
77.672904,32.83947,38.066823,14.123516,77.936582,6.8,-0.38076604520000007
99.583323,88.039963,21.928911,12.277504,73.624773,0.0,0.11466642049999999
86.946216,82.69414,47.195541,66.88833,35.756975,0.0,21.4116852873
81.493668,65.2819,17.473537,83.092758,65.456873,0.0,26.7080998197
26.084234,13.947359,33.220475,75.262288,66.93998,3.4,1.6436825336
34.901569,35.243593,55.643417,69.806315,69.574084,6.8,1.0767166622
7.687423,93.957132,14.744126,71.368329,36.373244,0.0,22.7719493714
73.463149,38.467234,10.264918,20.291329,43.685803,3.4,0.6508388435999999
17.247012,32.405059,30.124362,4.077018,97.466498,6.8,0.39732058010000004
5.535258,87.139153,69.17199,4.246951,27.538064,0.0,1.4786733667
66.355926,33.526742,68.823747,1.933718,77.220942,6.8,0.5192958208999998
82.949446,28.727382,39.022786,77.449488,4.884952,6.8,1.371461443
71.3293,24.249945,31.272846,35.284715,10.941126,3.4,0.8586665248
6.404291,32.014097,41.891918,12.4098,97.431689,3.4,-1.2784348132
70.734121,84.594252,0.030058,42.919805,47.630545,0.0,13.623977649199999
12.344477,19.599544,17.7267,90.93875,53.121555,0.0,0.6342930408
53.570786,24.758902,69.275529,28.502762,24.508184,3.4,95.49374071940001
26.565134,57.682314,77.639918,60.437002,19.196999,0.0,19.3923757594
